C:\Users\DELL\Downloads\simulator-windows-64\data\IMG\center_2025_11_21_21_10_26_523.jpg, C:\Users\DELL\Downloads\simulator-windows-64\data\IMG\left_2025_11_21_21_10_26_523.jpg, C:\Users\DELL\Downloads\simulator-windows-64\data\IMG\right_2025_11_21_21_10_26_523.jpg, 0, 0, 0, 8.464194E-05
C:\Users\DELL\Downloads\simulator-windows-64\data\IMG\center_2025_11_21_21_10_26_631.jpg, C:\Users\DELL\Downloads\simulator-windows-64\data\IMG\left_2025_11_21_21_10_26_631.jpg, C:\Users\DELL\Downloads\simulator-windows-64\data\IMG\right_2025_11_21_21_10_26_631.jpg, 0, 0, 0, 8.153572E-05
C:\Users\DELL\Downloads\simulator-windows-64\data\IMG\center_2025_11_21_21_10_26_738.jpg, C:\Users\DELL\Downloads\simulator-windows-64\data\IMG\left_2025_11_21_21_10_26_738.jpg, C:\Users\DELL\Downloads\simulator-windows-64\data\IMG\right_2025_11_21_21_10_26_738.jpg, 0, 0, 0, 7.854035E-05
C:\Users\DELL\Downloads\simulator-windows-64\data\IMG\center_2025_11_21_21_10_26_839.jpg, C:\Users\DELL\Downloads\simulator-windows-64\data\IMG\left_2025_11_21_21_10_26_839.jpg, C:\Users\DELL\Downloads\simulator-windows-64\data\IMG\right_2025_11_21_21_10_26_839.jpg, 0, 0, 0, 7.873282E-05
C:\Users\DELL\Downloads\simulator-windows-64\data\IMG\center_2025_11_21_21_10_26_943.jpg, C:\Users\DELL\Downloads\simulator-windows-64\data\IMG\left_2025_11_21_21_10_26_943.jpg, C:\Users\DELL\Downloads\simulator-windows-64\data\IMG\right_2025_11_21_21_10_26_943.jpg, 0, 0, 0, 7.887292E-05
C:\Users\DELL\Downloads\simulator-windows-64\data\IMG\center_2025_11_21_21_10_27_052.jpg, C:\Users\DELL\Downloads\simulator-windows-64\data\IMG\left_2025_11_21_21_10_27_052.jpg, C:\Users\DELL\Downloads\simulator-windows-64\data\IMG\right_2025_11_21_21_10_27_052.jpg, 0, 0, 0, 7.764592E-05
C:\Users\DELL\Downloads\simulator-windows-64\data\IMG\center_2025_11_21_21_10_27_153.jpg, C:\Users\DELL\Downloads\simulator-windows-64\data\IMG\left_2025_11_21_21_10_27_153.jpg, C:\Users\DELL\Downloads\simulator-windows-64\data\IMG\right_2025_11_21_21_10_27_153.jpg, 0, 0, 0, 7.808338E-05
C:\Users\DELL\Downloads\simulator-windows-64\data\IMG\center_2025_11_21_21_10_27_255.jpg, C:\Users\DELL\Downloads\simulator-windows-64\data\IMG\left_2025_11_21_21_10_27_255.jpg, C:\Users\DELL\Downloads\simulator-windows-64\data\IMG\right_2025_11_21_21_10_27_255.jpg, 0, 0, 0, 8.277999E-05
C:\Users\DELL\Downloads\simulator-windows-64\data\IMG\center_2025_11_21_21_10_27_359.jpg, C:\Users\DELL\Downloads\simulator-windows-64\data\IMG\left_2025_11_21_21_10_27_359.jpg, C:\Users\DELL\Downloads\simulator-windows-64\data\IMG\right_2025_11_21_21_10_27_359.jpg, 0, 0, 0, 8.099328E-05
C:\Users\DELL\Downloads\simulator-windows-64\data\IMG\center_2025_11_21_21_10_27_459.jpg, C:\Users\DELL\Downloads\simulator-windows-64\data\IMG\left_2025_11_21_21_10_27_459.jpg, C:\Users\DELL\Downloads\simulator-windows-64\data\IMG\right_2025_11_21_21_10_27_459.jpg, 0, 0, 0, 7.890168E-05
C:\Users\DELL\Downloads\simulator-windows-64\data\IMG\center_2025_11_21_21_10_27_565.jpg, C:\Users\DELL\Downloads\simulator-windows-64\data\IMG\left_2025_11_21_21_10_27_565.jpg, C:\Users\DELL\Downloads\simulator-windows-64\data\IMG\right_2025_11_21_21_10_27_565.jpg, 0, 0, 0, 7.838311E-05
C:\Users\DELL\Downloads\simulator-windows-64\data\IMG\center_2025_11_21_21_10_27_666.jpg, C:\Users\DELL\Downloads\simulator-windows-64\data\IMG\left_2025_11_21_21_10_27_666.jpg, C:\Users\DELL\Downloads\simulator-windows-64\data\IMG\right_2025_11_21_21_10_27_666.jpg, 0, 0, 0, 8.202298E-05
C:\Users\DELL\Downloads\simulator-windows-64\data\IMG\center_2025_11_21_21_10_27_772.jpg, C:\Users\DELL\Downloads\simulator-windows-64\data\IMG\left_2025_11_21_21_10_27_772.jpg, C:\Users\DELL\Downloads\simulator-windows-64\data\IMG\right_2025_11_21_21_10_27_772.jpg, 0, 0, 0, 7.796613E-05
C:\Users\DELL\Downloads\simulator-windows-64\data\IMG\center_2025_11_21_21_10_27_879.jpg, C:\Users\DELL\Downloads\simulator-windows-64\data\IMG\left_2025_11_21_21_10_27_879.jpg, C:\Users\DELL\Downloads\simulator-windows-64\data\IMG\right_2025_11_21_21_10_27_879.jpg, 0, 0, 0, 8.238339E-05
C:\Users\DELL\Downloads\simulator-windows-64\data\IMG\center_2025_11_21_21_10_27_986.jpg, C:\Users\DELL\Downloads\simulator-windows-64\data\IMG\left_2025_11_21_21_10_27_986.jpg, C:\Users\DELL\Downloads\simulator-windows-64\data\IMG\right_2025_11_21_21_10_27_986.jpg, 0, 0, 0, 7.852713E-05
C:\Users\DELL\Downloads\simulator-windows-64\data\IMG\center_2025_11_21_21_10_28_087.jpg, C:\Users\DELL\Downloads\simulator-windows-64\data\IMG\left_2025_11_21_21_10_28_087.jpg, C:\Users\DELL\Downloads\simulator-windows-64\data\IMG\right_2025_11_21_21_10_28_087.jpg, 0, 0, 0, 7.845408E-05
C:\Users\DELL\Downloads\simulator-windows-64\data\IMG\center_2025_11_21_21_10_28_189.jpg, C:\Users\DELL\Downloads\simulator-windows-64\data\IMG\left_2025_11_21_21_10_28_189.jpg, C:\Users\DELL\Downloads\simulator-windows-64\data\IMG\right_2025_11_21_21_10_28_189.jpg, 0, 0, 0, 7.835055E-05
C:\Users\DELL\Downloads\simulator-windows-64\data\IMG\center_2025_11_21_21_10_28_297.jpg, C:\Users\DELL\Downloads\simulator-windows-64\data\IMG\left_2025_11_21_21_10_28_297.jpg, C:\Users\DELL\Downloads\simulator-windows-64\data\IMG\right_2025_11_21_21_10_28_297.jpg, 0, 0, 0, 7.794057E-05
C:\Users\DELL\Downloads\simulator-windows-64\data\IMG\center_2025_11_21_21_10_28_404.jpg, C:\Users\DELL\Downloads\simulator-windows-64\data\IMG\left_2025_11_21_21_10_28_404.jpg, C:\Users\DELL\Downloads\simulator-windows-64\data\IMG\right_2025_11_21_21_10_28_404.jpg, 0, 0, 0, 7.806085E-05
C:\Users\DELL\Downloads\simulator-windows-64\data\IMG\center_2025_11_21_21_10_28_504.jpg, C:\Users\DELL\Downloads\simulator-windows-64\data\IMG\left_2025_11_21_21_10_28_504.jpg, C:\Users\DELL\Downloads\simulator-windows-64\data\IMG\right_2025_11_21_21_10_28_504.jpg, 0, 0, 0, 7.890798E-05
C:\Users\DELL\Downloads\simulator-windows-64\data\IMG\center_2025_11_21_21_10_28_609.jpg, C:\Users\DELL\Downloads\simulator-windows-64\data\IMG\left_2025_11_21_21_10_28_609.jpg, C:\Users\DELL\Downloads\simulator-windows-64\data\IMG\right_2025_11_21_21_10_28_609.jpg, 0, 0.0357921, 0, 0.005863735
C:\Users\DELL\Downloads\simulator-windows-64\data\IMG\center_2025_11_21_21_10_28_710.jpg, C:\Users\DELL\Downloads\simulator-windows-64\data\IMG\left_2025_11_21_21_10_28_710.jpg, C:\Users\DELL\Downloads\simulator-windows-64\data\IMG\right_2025_11_21_21_10_28_710.jpg, 0, 0.3455505, 0, 0.2831974
C:\Users\DELL\Downloads\simulator-windows-64\data\IMG\center_2025_11_21_21_10_28_812.jpg, C:\Users\DELL\Downloads\simulator-windows-64\data\IMG\left_2025_11_21_21_10_28_812.jpg, C:\Users\DELL\Downloads\simulator-windows-64\data\IMG\right_2025_11_21_21_10_28_812.jpg, 0, 0.5192031, 0, 0.8320475
C:\Users\DELL\Downloads\simulator-windows-64\data\IMG\center_2025_11_21_21_10_28_916.jpg, C:\Users\DELL\Downloads\simulator-windows-64\data\IMG\left_2025_11_21_21_10_28_916.jpg, C:\Users\DELL\Downloads\simulator-windows-64\data\IMG\right_2025_11_21_21_10_28_916.jpg, 0, 0.2154129, 0, 1.200592
C:\Users\DELL\Downloads\simulator-windows-64\data\IMG\center_2025_11_21_21_10_29_019.jpg, C:\Users\DELL\Downloads\simulator-windows-64\data\IMG\left_2025_11_21_21_10_29_019.jpg, C:\Users\DELL\Downloads\simulator-windows-64\data\IMG\right_2025_11_21_21_10_29_019.jpg, 0, 0, 0, 1.220458
C:\Users\DELL\Downloads\simulator-windows-64\data\IMG\center_2025_11_21_21_10_29_123.jpg, C:\Users\DELL\Downloads\simulator-windows-64\data\IMG\left_2025_11_21_21_10_29_123.jpg, C:\Users\DELL\Downloads\simulator-windows-64\data\IMG\right_2025_11_21_21_10_29_123.jpg, 0, 0.2617587, 0, 1.369019
C:\Users\DELL\Downloads\simulator-windows-64\data\IMG\center_2025_11_21_21_10_29_225.jpg, C:\Users\DELL\Downloads\simulator-windows-64\data\IMG\left_2025_11_21_21_10_29_225.jpg, C:\Users\DELL\Downloads\simulator-windows-64\data\IMG\right_2025_11_21_21_10_29_225.jpg, 0, 0.6156003, 0, 2.059389
C:\Users\DELL\Downloads\simulator-windows-64\data\IMG\center_2025_11_21_21_10_29_326.jpg, C:\Users\DELL\Downloads\simulator-windows-64\data\IMG\left_2025_11_21_21_10_29_326.jpg, C:\Users\DELL\Downloads\simulator-windows-64\data\IMG\right_2025_11_21_21_10_29_326.jpg, 0, 0.9207168, 0, 3.025789
C:\Users\DELL\Downloads\simulator-windows-64\data\IMG\center_2025_11_21_21_10_29_431.jpg, C:\Users\DELL\Downloads\simulator-windows-64\data\IMG\left_2025_11_21_21_10_29_431.jpg, C:\Users\DELL\Downloads\simulator-windows-64\data\IMG\right_2025_11_21_21_10_29_431.jpg, 0, 1, 0, 4.194833
C:\Users\DELL\Downloads\simulator-windows-64\data\IMG\center_2025_11_21_21_10_29_532.jpg, C:\Users\DELL\Downloads\simulator-windows-64\data\IMG\left_2025_11_21_21_10_29_532.jpg, C:\Users\DELL\Downloads\simulator-windows-64\data\IMG\right_2025_11_21_21_10_29_532.jpg, 0, 1, 0, 5.35862
C:\Users\DELL\Downloads\simulator-windows-64\data\IMG\center_2025_11_21_21_10_29_632.jpg, C:\Users\DELL\Downloads\simulator-windows-64\data\IMG\left_2025_11_21_21_10_29_632.jpg, C:\Users\DELL\Downloads\simulator-windows-64\data\IMG\right_2025_11_21_21_10_29_632.jpg, 0, 1, 0, 6.51122
C:\Users\DELL\Downloads\simulator-windows-64\data\IMG\center_2025_11_21_21_10_29_735.jpg, C:\Users\DELL\Downloads\simulator-windows-64\data\IMG\left_2025_11_21_21_10_29_735.jpg, C:\Users\DELL\Downloads\simulator-windows-64\data\IMG\right_2025_11_21_21_10_29_735.jpg, 0, 0.8534926, 0, 7.595985
C:\Users\DELL\Downloads\simulator-windows-64\data\IMG\center_2025_11_21_21_10_29_835.jpg, C:\Users\DELL\Downloads\simulator-windows-64\data\IMG\left_2025_11_21_21_10_29_835.jpg, C:\Users\DELL\Downloads\simulator-windows-64\data\IMG\right_2025_11_21_21_10_29_835.jpg, 0, 0.5561833, 0, 8.343192
C:\Users\DELL\Downloads\simulator-windows-64\data\IMG\center_2025_11_21_21_10_29_939.jpg, C:\Users\DELL\Downloads\simulator-windows-64\data\IMG\left_2025_11_21_21_10_29_939.jpg, C:\Users\DELL\Downloads\simulator-windows-64\data\IMG\right_2025_11_21_21_10_29_939.jpg, -0.2862786, 0.2393863, 0, 8.629411
C:\Users\DELL\Downloads\simulator-windows-64\data\IMG\center_2025_11_21_21_10_30_045.jpg, C:\Users\DELL\Downloads\simulator-windows-64\data\IMG\left_2025_11_21_21_10_30_045.jpg, C:\Users\DELL\Downloads\simulator-windows-64\data\IMG\right_2025_11_21_21_10_30_045.jpg, -0.5252535, 0, 0, 8.550959
C:\Users\DELL\Downloads\simulator-windows-64\data\IMG\center_2025_11_21_21_10_30_148.jpg, C:\Users\DELL\Downloads\simulator-windows-64\data\IMG\left_2025_11_21_21_10_30_148.jpg, C:\Users\DELL\Downloads\simulator-windows-64\data\IMG\right_2025_11_21_21_10_30_148.jpg, -0.2164227, 0, 0, 8.474159
C:\Users\DELL\Downloads\simulator-windows-64\data\IMG\center_2025_11_21_21_10_30_248.jpg, C:\Users\DELL\Downloads\simulator-windows-64\data\IMG\left_2025_11_21_21_10_30_248.jpg, C:\Users\DELL\Downloads\simulator-windows-64\data\IMG\right_2025_11_21_21_10_30_248.jpg, 0, 0, 0, 8.377025
C:\Users\DELL\Downloads\simulator-windows-64\data\IMG\center_2025_11_21_21_10_30_354.jpg, C:\Users\DELL\Downloads\simulator-windows-64\data\IMG\left_2025_11_21_21_10_30_354.jpg, C:\Users\DELL\Downloads\simulator-windows-64\data\IMG\right_2025_11_21_21_10_30_354.jpg, 0, 0, 0, 8.291465
C:\Users\DELL\Downloads\simulator-windows-64\data\IMG\center_2025_11_21_21_10_30_456.jpg, C:\Users\DELL\Downloads\simulator-windows-64\data\IMG\left_2025_11_21_21_10_30_456.jpg, C:\Users\DELL\Downloads\simulator-windows-64\data\IMG\right_2025_11_21_21_10_30_456.jpg, 0, 0, 0, 8.208181
C:\Users\DELL\Downloads\simulator-windows-64\data\IMG\center_2025_11_21_21_10_30_559.jpg, C:\Users\DELL\Downloads\simulator-windows-64\data\IMG\left_2025_11_21_21_10_30_559.jpg, C:\Users\DELL\Downloads\simulator-windows-64\data\IMG\right_2025_11_21_21_10_30_559.jpg, -0.2844387, 0, 0, 8.107347
C:\Users\DELL\Downloads\simulator-windows-64\data\IMG\center_2025_11_21_21_10_30_661.jpg, C:\Users\DELL\Downloads\simulator-windows-64\data\IMG\left_2025_11_21_21_10_30_661.jpg, C:\Users\DELL\Downloads\simulator-windows-64\data\IMG\right_2025_11_21_21_10_30_661.jpg, -0.5640024, 0, 0, 7.958751
C:\Users\DELL\Downloads\simulator-windows-64\data\IMG\center_2025_11_21_21_10_30_764.jpg, C:\Users\DELL\Downloads\simulator-windows-64\data\IMG\left_2025_11_21_21_10_30_764.jpg, C:\Users\DELL\Downloads\simulator-windows-64\data\IMG\right_2025_11_21_21_10_30_764.jpg, -0.7539957, 0, 0, 7.753151
C:\Users\DELL\Downloads\simulator-windows-64\data\IMG\center_2025_11_21_21_10_30_870.jpg, C:\Users\DELL\Downloads\simulator-windows-64\data\IMG\left_2025_11_21_21_10_30_870.jpg, C:\Users\DELL\Downloads\simulator-windows-64\data\IMG\right_2025_11_21_21_10_30_870.jpg, -0.4365555, 0, 0, 7.697417
C:\Users\DELL\Downloads\simulator-windows-64\data\IMG\center_2025_11_21_21_10_30_975.jpg, C:\Users\DELL\Downloads\simulator-windows-64\data\IMG\left_2025_11_21_21_10_30_975.jpg, C:\Users\DELL\Downloads\simulator-windows-64\data\IMG\right_2025_11_21_21_10_30_975.jpg, -0.1472352, 0, 0, 7.628016
C:\Users\DELL\Downloads\simulator-windows-64\data\IMG\center_2025_11_21_21_10_31_080.jpg, C:\Users\DELL\Downloads\simulator-windows-64\data\IMG\left_2025_11_21_21_10_31_080.jpg, C:\Users\DELL\Downloads\simulator-windows-64\data\IMG\right_2025_11_21_21_10_31_080.jpg, -0.0897321, 0, 0, 7.541327
C:\Users\DELL\Downloads\simulator-windows-64\data\IMG\center_2025_11_21_21_10_31_189.jpg, C:\Users\DELL\Downloads\simulator-windows-64\data\IMG\left_2025_11_21_21_10_31_189.jpg, C:\Users\DELL\Downloads\simulator-windows-64\data\IMG\right_2025_11_21_21_10_31_189.jpg, -0.3892722, 0, 0, 7.417876
C:\Users\DELL\Downloads\simulator-windows-64\data\IMG\center_2025_11_21_21_10_31_291.jpg, C:\Users\DELL\Downloads\simulator-windows-64\data\IMG\left_2025_11_21_21_10_31_291.jpg, C:\Users\DELL\Downloads\simulator-windows-64\data\IMG\right_2025_11_21_21_10_31_291.jpg, -0.08605707, 0, 0, 7.344434
C:\Users\DELL\Downloads\simulator-windows-64\data\IMG\center_2025_11_21_21_10_31_392.jpg, C:\Users\DELL\Downloads\simulator-windows-64\data\IMG\left_2025_11_21_21_10_31_392.jpg, C:\Users\DELL\Downloads\simulator-windows-64\data\IMG\right_2025_11_21_21_10_31_392.jpg, 0, 0, 0, 7.26396
C:\Users\DELL\Downloads\simulator-windows-64\data\IMG\center_2025_11_21_21_10_31_498.jpg, C:\Users\DELL\Downloads\simulator-windows-64\data\IMG\left_2025_11_21_21_10_31_498.jpg, C:\Users\DELL\Downloads\simulator-windows-64\data\IMG\right_2025_11_21_21_10_31_498.jpg, 0, 0.1657545, 0, 7.262491
C:\Users\DELL\Downloads\simulator-windows-64\data\IMG\center_2025_11_21_21_10_31_598.jpg, C:\Users\DELL\Downloads\simulator-windows-64\data\IMG\left_2025_11_21_21_10_31_598.jpg, C:\Users\DELL\Downloads\simulator-windows-64\data\IMG\right_2025_11_21_21_10_31_598.jpg, 0, 0.4666248, 0, 7.603286
C:\Users\DELL\Downloads\simulator-windows-64\data\IMG\center_2025_11_21_21_10_31_698.jpg, C:\Users\DELL\Downloads\simulator-windows-64\data\IMG\left_2025_11_21_21_10_31_698.jpg, C:\Users\DELL\Downloads\simulator-windows-64\data\IMG\right_2025_11_21_21_10_31_698.jpg, 0, 0.7679523, 0, 8.306387
C:\Users\DELL\Downloads\simulator-windows-64\data\IMG\center_2025_11_21_21_10_31_799.jpg, C:\Users\DELL\Downloads\simulator-windows-64\data\IMG\left_2025_11_21_21_10_31_799.jpg, C:\Users\DELL\Downloads\simulator-windows-64\data\IMG\right_2025_11_21_21_10_31_799.jpg, 0, 1, 0, 9.345071
C:\Users\DELL\Downloads\simulator-windows-64\data\IMG\center_2025_11_21_21_10_31_902.jpg, C:\Users\DELL\Downloads\simulator-windows-64\data\IMG\left_2025_11_21_21_10_31_902.jpg, C:\Users\DELL\Downloads\simulator-windows-64\data\IMG\right_2025_11_21_21_10_31_902.jpg, 0, 0.6932305, 0, 10.25493
C:\Users\DELL\Downloads\simulator-windows-64\data\IMG\center_2025_11_21_21_10_32_003.jpg, C:\Users\DELL\Downloads\simulator-windows-64\data\IMG\left_2025_11_21_21_10_32_003.jpg, C:\Users\DELL\Downloads\simulator-windows-64\data\IMG\right_2025_11_21_21_10_32_003.jpg, -0.08959261, 0.4095448, 0, 10.7947
C:\Users\DELL\Downloads\simulator-windows-64\data\IMG\center_2025_11_21_21_10_32_107.jpg, C:\Users\DELL\Downloads\simulator-windows-64\data\IMG\left_2025_11_21_21_10_32_107.jpg, C:\Users\DELL\Downloads\simulator-windows-64\data\IMG\right_2025_11_21_21_10_32_107.jpg, -0.4502793, 0.04885803, 0, 10.89354
C:\Users\DELL\Downloads\simulator-windows-64\data\IMG\center_2025_11_21_21_10_32_214.jpg, C:\Users\DELL\Downloads\simulator-windows-64\data\IMG\left_2025_11_21_21_10_32_214.jpg, C:\Users\DELL\Downloads\simulator-windows-64\data\IMG\right_2025_11_21_21_10_32_214.jpg, -0.1518237, 0, 0, 10.78713
C:\Users\DELL\Downloads\simulator-windows-64\data\IMG\center_2025_11_21_21_10_32_317.jpg, C:\Users\DELL\Downloads\simulator-windows-64\data\IMG\left_2025_11_21_21_10_32_317.jpg, C:\Users\DELL\Downloads\simulator-windows-64\data\IMG\right_2025_11_21_21_10_32_317.jpg, 0, 0, 0, 10.66812
C:\Users\DELL\Downloads\simulator-windows-64\data\IMG\center_2025_11_21_21_10_32_421.jpg, C:\Users\DELL\Downloads\simulator-windows-64\data\IMG\left_2025_11_21_21_10_32_421.jpg, C:\Users\DELL\Downloads\simulator-windows-64\data\IMG\right_2025_11_21_21_10_32_421.jpg, -0.120579, 0, 0, 10.55784
C:\Users\DELL\Downloads\simulator-windows-64\data\IMG\center_2025_11_21_21_10_32_522.jpg, C:\Users\DELL\Downloads\simulator-windows-64\data\IMG\left_2025_11_21_21_10_32_522.jpg, C:\Users\DELL\Downloads\simulator-windows-64\data\IMG\right_2025_11_21_21_10_32_522.jpg, -0.422787, 0, 0, 10.39725
C:\Users\DELL\Downloads\simulator-windows-64\data\IMG\center_2025_11_21_21_10_32_631.jpg, C:\Users\DELL\Downloads\simulator-windows-64\data\IMG\left_2025_11_21_21_10_32_631.jpg, C:\Users\DELL\Downloads\simulator-windows-64\data\IMG\right_2025_11_21_21_10_32_631.jpg, -0.7984598, 0, 0, 10.11911
C:\Users\DELL\Downloads\simulator-windows-64\data\IMG\center_2025_11_21_21_10_32_732.jpg, C:\Users\DELL\Downloads\simulator-windows-64\data\IMG\left_2025_11_21_21_10_32_732.jpg, C:\Users\DELL\Downloads\simulator-windows-64\data\IMG\right_2025_11_21_21_10_32_732.jpg, -0.6764663, 0, 0, 9.984914
C:\Users\DELL\Downloads\simulator-windows-64\data\IMG\center_2025_11_21_21_10_32_839.jpg, C:\Users\DELL\Downloads\simulator-windows-64\data\IMG\left_2025_11_21_21_10_32_839.jpg, C:\Users\DELL\Downloads\simulator-windows-64\data\IMG\right_2025_11_21_21_10_32_839.jpg, -0.5815638, 0, 0, 9.894997
C:\Users\DELL\Downloads\simulator-windows-64\data\IMG\center_2025_11_21_21_10_32_939.jpg, C:\Users\DELL\Downloads\simulator-windows-64\data\IMG\left_2025_11_21_21_10_32_939.jpg, C:\Users\DELL\Downloads\simulator-windows-64\data\IMG\right_2025_11_21_21_10_32_939.jpg, -0.281241, 0, 0, 9.817321
C:\Users\DELL\Downloads\simulator-windows-64\data\IMG\center_2025_11_21_21_10_33_048.jpg, C:\Users\DELL\Downloads\simulator-windows-64\data\IMG\left_2025_11_21_21_10_33_048.jpg, C:\Users\DELL\Downloads\simulator-windows-64\data\IMG\right_2025_11_21_21_10_33_048.jpg, 0, 0, 0, 9.685233
C:\Users\DELL\Downloads\simulator-windows-64\data\IMG\center_2025_11_21_21_10_33_150.jpg, C:\Users\DELL\Downloads\simulator-windows-64\data\IMG\left_2025_11_21_21_10_33_150.jpg, C:\Users\DELL\Downloads\simulator-windows-64\data\IMG\right_2025_11_21_21_10_33_150.jpg, 0, 0, 0, 9.584634
C:\Users\DELL\Downloads\simulator-windows-64\data\IMG\center_2025_11_21_21_10_33_255.jpg, C:\Users\DELL\Downloads\simulator-windows-64\data\IMG\left_2025_11_21_21_10_33_255.jpg, C:\Users\DELL\Downloads\simulator-windows-64\data\IMG\right_2025_11_21_21_10_33_255.jpg, 0, 0.1760667, 0, 9.56307
C:\Users\DELL\Downloads\simulator-windows-64\data\IMG\center_2025_11_21_21_10_33_359.jpg, C:\Users\DELL\Downloads\simulator-windows-64\data\IMG\left_2025_11_21_21_10_33_359.jpg, C:\Users\DELL\Downloads\simulator-windows-64\data\IMG\right_2025_11_21_21_10_33_359.jpg, 0, 0.4913951, 0, 9.889399
C:\Users\DELL\Downloads\simulator-windows-64\data\IMG\center_2025_11_21_21_10_33_465.jpg, C:\Users\DELL\Downloads\simulator-windows-64\data\IMG\left_2025_11_21_21_10_33_465.jpg, C:\Users\DELL\Downloads\simulator-windows-64\data\IMG\right_2025_11_21_21_10_33_465.jpg, 0, 0.8322821, 0, 10.76083
C:\Users\DELL\Downloads\simulator-windows-64\data\IMG\center_2025_11_21_21_10_33_571.jpg, C:\Users\DELL\Downloads\simulator-windows-64\data\IMG\left_2025_11_21_21_10_33_571.jpg, C:\Users\DELL\Downloads\simulator-windows-64\data\IMG\right_2025_11_21_21_10_33_571.jpg, 0, 1, 0, 11.64843
C:\Users\DELL\Downloads\simulator-windows-64\data\IMG\center_2025_11_21_21_10_33_677.jpg, C:\Users\DELL\Downloads\simulator-windows-64\data\IMG\left_2025_11_21_21_10_33_677.jpg, C:\Users\DELL\Downloads\simulator-windows-64\data\IMG\right_2025_11_21_21_10_33_677.jpg, 0, 1, 0, 12.89438
C:\Users\DELL\Downloads\simulator-windows-64\data\IMG\center_2025_11_21_21_10_33_781.jpg, C:\Users\DELL\Downloads\simulator-windows-64\data\IMG\left_2025_11_21_21_10_33_781.jpg, C:\Users\DELL\Downloads\simulator-windows-64\data\IMG\right_2025_11_21_21_10_33_781.jpg, 0, 1, 0, 13.90633
C:\Users\DELL\Downloads\simulator-windows-64\data\IMG\center_2025_11_21_21_10_33_888.jpg, C:\Users\DELL\Downloads\simulator-windows-64\data\IMG\left_2025_11_21_21_10_33_888.jpg, C:\Users\DELL\Downloads\simulator-windows-64\data\IMG\right_2025_11_21_21_10_33_888.jpg, 0, 0.8919595, 0, 15.10572
C:\Users\DELL\Downloads\simulator-windows-64\data\IMG\center_2025_11_21_21_10_33_991.jpg, C:\Users\DELL\Downloads\simulator-windows-64\data\IMG\left_2025_11_21_21_10_33_991.jpg, C:\Users\DELL\Downloads\simulator-windows-64\data\IMG\right_2025_11_21_21_10_33_991.jpg, 0, 0.5825239, 0, 16.13914
C:\Users\DELL\Downloads\simulator-windows-64\data\IMG\center_2025_11_21_21_10_34_098.jpg, C:\Users\DELL\Downloads\simulator-windows-64\data\IMG\left_2025_11_21_21_10_34_098.jpg, C:\Users\DELL\Downloads\simulator-windows-64\data\IMG\right_2025_11_21_21_10_34_098.jpg, -0.0810315, 0.2896255, 0, 16.00846
C:\Users\DELL\Downloads\simulator-windows-64\data\IMG\center_2025_11_21_21_10_34_202.jpg, C:\Users\DELL\Downloads\simulator-windows-64\data\IMG\left_2025_11_21_21_10_34_202.jpg, C:\Users\DELL\Downloads\simulator-windows-64\data\IMG\right_2025_11_21_21_10_34_202.jpg, -0.3095802, 0.000963347, 0, 16.49492
C:\Users\DELL\Downloads\simulator-windows-64\data\IMG\center_2025_11_21_21_10_34_310.jpg, C:\Users\DELL\Downloads\simulator-windows-64\data\IMG\left_2025_11_21_21_10_34_310.jpg, C:\Users\DELL\Downloads\simulator-windows-64\data\IMG\right_2025_11_21_21_10_34_310.jpg, 0, 0, 0, 16.2994
C:\Users\DELL\Downloads\simulator-windows-64\data\IMG\center_2025_11_21_21_10_34_416.jpg, C:\Users\DELL\Downloads\simulator-windows-64\data\IMG\left_2025_11_21_21_10_34_416.jpg, C:\Users\DELL\Downloads\simulator-windows-64\data\IMG\right_2025_11_21_21_10_34_416.jpg, 0, 0, 0, 15.60469
C:\Users\DELL\Downloads\simulator-windows-64\data\IMG\center_2025_11_21_21_10_34_523.jpg, C:\Users\DELL\Downloads\simulator-windows-64\data\IMG\left_2025_11_21_21_10_34_523.jpg, C:\Users\DELL\Downloads\simulator-windows-64\data\IMG\right_2025_11_21_21_10_34_523.jpg, -0.2648898, 0, 0, 15.96028
C:\Users\DELL\Downloads\simulator-windows-64\data\IMG\center_2025_11_21_21_10_34_631.jpg, C:\Users\DELL\Downloads\simulator-windows-64\data\IMG\left_2025_11_21_21_10_34_631.jpg, C:\Users\DELL\Downloads\simulator-windows-64\data\IMG\right_2025_11_21_21_10_34_631.jpg, -0.6414573, 0, 0, 15.5829
C:\Users\DELL\Downloads\simulator-windows-64\data\IMG\center_2025_11_21_21_10_34_741.jpg, C:\Users\DELL\Downloads\simulator-windows-64\data\IMG\left_2025_11_21_21_10_34_741.jpg, C:\Users\DELL\Downloads\simulator-windows-64\data\IMG\right_2025_11_21_21_10_34_741.jpg, -0.343684, 0, 0, 14.92126
C:\Users\DELL\Downloads\simulator-windows-64\data\IMG\center_2025_11_21_21_10_34_841.jpg, C:\Users\DELL\Downloads\simulator-windows-64\data\IMG\left_2025_11_21_21_10_34_841.jpg, C:\Users\DELL\Downloads\simulator-windows-64\data\IMG\right_2025_11_21_21_10_34_841.jpg, -0.03540367, 0, 0, 15.27215
C:\Users\DELL\Downloads\simulator-windows-64\data\IMG\center_2025_11_21_21_10_34_947.jpg, C:\Users\DELL\Downloads\simulator-windows-64\data\IMG\left_2025_11_21_21_10_34_947.jpg, C:\Users\DELL\Downloads\simulator-windows-64\data\IMG\right_2025_11_21_21_10_34_947.jpg, 0, 0, 0, 15.08745
C:\Users\DELL\Downloads\simulator-windows-64\data\IMG\center_2025_11_21_21_10_35_055.jpg, C:\Users\DELL\Downloads\simulator-windows-64\data\IMG\left_2025_11_21_21_10_35_055.jpg, C:\Users\DELL\Downloads\simulator-windows-64\data\IMG\right_2025_11_21_21_10_35_055.jpg, 0, 0, 0, 14.40656
C:\Users\DELL\Downloads\simulator-windows-64\data\IMG\center_2025_11_21_21_10_35_161.jpg, C:\Users\DELL\Downloads\simulator-windows-64\data\IMG\left_2025_11_21_21_10_35_161.jpg, C:\Users\DELL\Downloads\simulator-windows-64\data\IMG\right_2025_11_21_21_10_35_161.jpg, 0, 0.1844505, 0, 14.8306
C:\Users\DELL\Downloads\simulator-windows-64\data\IMG\center_2025_11_21_21_10_35_270.jpg, C:\Users\DELL\Downloads\simulator-windows-64\data\IMG\left_2025_11_21_21_10_35_270.jpg, C:\Users\DELL\Downloads\simulator-windows-64\data\IMG\right_2025_11_21_21_10_35_270.jpg, 0, 0.5376618, 0, 15.05342
C:\Users\DELL\Downloads\simulator-windows-64\data\IMG\center_2025_11_21_21_10_35_374.jpg, C:\Users\DELL\Downloads\simulator-windows-64\data\IMG\left_2025_11_21_21_10_35_374.jpg, C:\Users\DELL\Downloads\simulator-windows-64\data\IMG\right_2025_11_21_21_10_35_374.jpg, 0, 0.8247986, 0, 15.59183
C:\Users\DELL\Downloads\simulator-windows-64\data\IMG\center_2025_11_21_21_10_35_484.jpg, C:\Users\DELL\Downloads\simulator-windows-64\data\IMG\left_2025_11_21_21_10_35_484.jpg, C:\Users\DELL\Downloads\simulator-windows-64\data\IMG\right_2025_11_21_21_10_35_484.jpg, 0, 0.9700753, 0, 16.77853
C:\Users\DELL\Downloads\simulator-windows-64\data\IMG\center_2025_11_21_21_10_35_589.jpg, C:\Users\DELL\Downloads\simulator-windows-64\data\IMG\left_2025_11_21_21_10_35_589.jpg, C:\Users\DELL\Downloads\simulator-windows-64\data\IMG\right_2025_11_21_21_10_35_589.jpg, 0, 0.599131, 0, 17.71723
C:\Users\DELL\Downloads\simulator-windows-64\data\IMG\center_2025_11_21_21_10_35_696.jpg, C:\Users\DELL\Downloads\simulator-windows-64\data\IMG\left_2025_11_21_21_10_35_696.jpg, C:\Users\DELL\Downloads\simulator-windows-64\data\IMG\right_2025_11_21_21_10_35_696.jpg, -0.1872963, 0.301677, 0, 17.72667
C:\Users\DELL\Downloads\simulator-windows-64\data\IMG\center_2025_11_21_21_10_35_801.jpg, C:\Users\DELL\Downloads\simulator-windows-64\data\IMG\left_2025_11_21_21_10_35_801.jpg, C:\Users\DELL\Downloads\simulator-windows-64\data\IMG\right_2025_11_21_21_10_35_801.jpg, -0.4409193, 0, 0, 18.00121
C:\Users\DELL\Downloads\simulator-windows-64\data\IMG\center_2025_11_21_21_10_35_903.jpg, C:\Users\DELL\Downloads\simulator-windows-64\data\IMG\left_2025_11_21_21_10_35_903.jpg, C:\Users\DELL\Downloads\simulator-windows-64\data\IMG\right_2025_11_21_21_10_35_903.jpg, -0.1601418, 0, 0, 17.32032
C:\Users\DELL\Downloads\simulator-windows-64\data\IMG\center_2025_11_21_21_10_36_008.jpg, C:\Users\DELL\Downloads\simulator-windows-64\data\IMG\left_2025_11_21_21_10_36_008.jpg, C:\Users\DELL\Downloads\simulator-windows-64\data\IMG\right_2025_11_21_21_10_36_008.jpg, 0, 0, 0, 17.08747
C:\Users\DELL\Downloads\simulator-windows-64\data\IMG\center_2025_11_21_21_10_36_109.jpg, C:\Users\DELL\Downloads\simulator-windows-64\data\IMG\left_2025_11_21_21_10_36_109.jpg, C:\Users\DELL\Downloads\simulator-windows-64\data\IMG\right_2025_11_21_21_10_36_109.jpg, -0.1791999, 0, 0, 17.426
C:\Users\DELL\Downloads\simulator-windows-64\data\IMG\center_2025_11_21_21_10_36_215.jpg, C:\Users\DELL\Downloads\simulator-windows-64\data\IMG\left_2025_11_21_21_10_36_215.jpg, C:\Users\DELL\Downloads\simulator-windows-64\data\IMG\right_2025_11_21_21_10_36_215.jpg, -0.4656747, 0, 0, 16.67112
C:\Users\DELL\Downloads\simulator-windows-64\data\IMG\center_2025_11_21_21_10_36_316.jpg, C:\Users\DELL\Downloads\simulator-windows-64\data\IMG\left_2025_11_21_21_10_36_316.jpg, C:\Users\DELL\Downloads\simulator-windows-64\data\IMG\right_2025_11_21_21_10_36_316.jpg, -0.1611804, 0, 0, 17.00626
C:\Users\DELL\Downloads\simulator-windows-64\data\IMG\center_2025_11_21_21_10_36_420.jpg, C:\Users\DELL\Downloads\simulator-windows-64\data\IMG\left_2025_11_21_21_10_36_420.jpg, C:\Users\DELL\Downloads\simulator-windows-64\data\IMG\right_2025_11_21_21_10_36_420.jpg, 0, 0, 0, 16.29435
C:\Users\DELL\Downloads\simulator-windows-64\data\IMG\center_2025_11_21_21_10_36_524.jpg, C:\Users\DELL\Downloads\simulator-windows-64\data\IMG\left_2025_11_21_21_10_36_524.jpg, C:\Users\DELL\Downloads\simulator-windows-64\data\IMG\right_2025_11_21_21_10_36_524.jpg, 0, 0.1195179, 0, 16.09603
C:\Users\DELL\Downloads\simulator-windows-64\data\IMG\center_2025_11_21_21_10_36_629.jpg, C:\Users\DELL\Downloads\simulator-windows-64\data\IMG\left_2025_11_21_21_10_36_629.jpg, C:\Users\DELL\Downloads\simulator-windows-64\data\IMG\right_2025_11_21_21_10_36_629.jpg, 0, 0.4323015, 0, 16.75886
C:\Users\DELL\Downloads\simulator-windows-64\data\IMG\center_2025_11_21_21_10_36_731.jpg, C:\Users\DELL\Downloads\simulator-windows-64\data\IMG\left_2025_11_21_21_10_36_731.jpg, C:\Users\DELL\Downloads\simulator-windows-64\data\IMG\right_2025_11_21_21_10_36_731.jpg, 0, 0.1250973, 0, 16.45878
C:\Users\DELL\Downloads\simulator-windows-64\data\IMG\center_2025_11_21_21_10_36_831.jpg, C:\Users\DELL\Downloads\simulator-windows-64\data\IMG\left_2025_11_21_21_10_36_831.jpg, C:\Users\DELL\Downloads\simulator-windows-64\data\IMG\right_2025_11_21_21_10_36_831.jpg, 0, 0, 0, 16.8433
C:\Users\DELL\Downloads\simulator-windows-64\data\IMG\center_2025_11_21_21_10_36_933.jpg, C:\Users\DELL\Downloads\simulator-windows-64\data\IMG\left_2025_11_21_21_10_36_933.jpg, C:\Users\DELL\Downloads\simulator-windows-64\data\IMG\right_2025_11_21_21_10_36_933.jpg, 0, 0, 0, 16.12993
C:\Users\DELL\Downloads\simulator-windows-64\data\IMG\center_2025_11_21_21_10_37_034.jpg, C:\Users\DELL\Downloads\simulator-windows-64\data\IMG\left_2025_11_21_21_10_37_034.jpg, C:\Users\DELL\Downloads\simulator-windows-64\data\IMG\right_2025_11_21_21_10_37_034.jpg, -0.1524678, 0, 0, 16.50183
C:\Users\DELL\Downloads\simulator-windows-64\data\IMG\center_2025_11_21_21_10_37_135.jpg, C:\Users\DELL\Downloads\simulator-windows-64\data\IMG\left_2025_11_21_21_10_37_135.jpg, C:\Users\DELL\Downloads\simulator-windows-64\data\IMG\right_2025_11_21_21_10_37_135.jpg, -0.3928021, 0, 0, 15.73104
C:\Users\DELL\Downloads\simulator-windows-64\data\IMG\center_2025_11_21_21_10_37_239.jpg, C:\Users\DELL\Downloads\simulator-windows-64\data\IMG\left_2025_11_21_21_10_37_239.jpg, C:\Users\DELL\Downloads\simulator-windows-64\data\IMG\right_2025_11_21_21_10_37_239.jpg, -0.07663444, 0, 0, 16.11788
C:\Users\DELL\Downloads\simulator-windows-64\data\IMG\center_2025_11_21_21_10_37_339.jpg, C:\Users\DELL\Downloads\simulator-windows-64\data\IMG\left_2025_11_21_21_10_37_339.jpg, C:\Users\DELL\Downloads\simulator-windows-64\data\IMG\right_2025_11_21_21_10_37_339.jpg, 0, 0, 0, 15.41959
C:\Users\DELL\Downloads\simulator-windows-64\data\IMG\center_2025_11_21_21_10_37_445.jpg, C:\Users\DELL\Downloads\simulator-windows-64\data\IMG\left_2025_11_21_21_10_37_445.jpg, C:\Users\DELL\Downloads\simulator-windows-64\data\IMG\right_2025_11_21_21_10_37_445.jpg, 0, 0, 0, 15.23946
C:\Users\DELL\Downloads\simulator-windows-64\data\IMG\center_2025_11_21_21_10_37_548.jpg, C:\Users\DELL\Downloads\simulator-windows-64\data\IMG\left_2025_11_21_21_10_37_548.jpg, C:\Users\DELL\Downloads\simulator-windows-64\data\IMG\right_2025_11_21_21_10_37_548.jpg, 0, 0, 0, 15.61085
C:\Users\DELL\Downloads\simulator-windows-64\data\IMG\center_2025_11_21_21_10_37_653.jpg, C:\Users\DELL\Downloads\simulator-windows-64\data\IMG\left_2025_11_21_21_10_37_653.jpg, C:\Users\DELL\Downloads\simulator-windows-64\data\IMG\right_2025_11_21_21_10_37_653.jpg, -0.3137919, 0, 0, 14.90018
C:\Users\DELL\Downloads\simulator-windows-64\data\IMG\center_2025_11_21_21_10_37_760.jpg, C:\Users\DELL\Downloads\simulator-windows-64\data\IMG\left_2025_11_21_21_10_37_760.jpg, C:\Users\DELL\Downloads\simulator-windows-64\data\IMG\right_2025_11_21_21_10_37_760.jpg, -0.3925017, 0, 0, 15.17324
C:\Users\DELL\Downloads\simulator-windows-64\data\IMG\center_2025_11_21_21_10_37_874.jpg, C:\Users\DELL\Downloads\simulator-windows-64\data\IMG\left_2025_11_21_21_10_37_874.jpg, C:\Users\DELL\Downloads\simulator-windows-64\data\IMG\right_2025_11_21_21_10_37_874.jpg, -0.0394401, 0, 0, 14.97084
C:\Users\DELL\Downloads\simulator-windows-64\data\IMG\center_2025_11_21_21_10_37_973.jpg, C:\Users\DELL\Downloads\simulator-windows-64\data\IMG\left_2025_11_21_21_10_37_973.jpg, C:\Users\DELL\Downloads\simulator-windows-64\data\IMG\right_2025_11_21_21_10_37_973.jpg, 0, 0.1185312, 0, 14.28588
C:\Users\DELL\Downloads\simulator-windows-64\data\IMG\center_2025_11_21_21_10_38_078.jpg, C:\Users\DELL\Downloads\simulator-windows-64\data\IMG\left_2025_11_21_21_10_38_078.jpg, C:\Users\DELL\Downloads\simulator-windows-64\data\IMG\right_2025_11_21_21_10_38_078.jpg, 0, 0.4324851, 0, 14.98407
C:\Users\DELL\Downloads\simulator-windows-64\data\IMG\center_2025_11_21_21_10_38_179.jpg, C:\Users\DELL\Downloads\simulator-windows-64\data\IMG\left_2025_11_21_21_10_38_179.jpg, C:\Users\DELL\Downloads\simulator-windows-64\data\IMG\right_2025_11_21_21_10_38_179.jpg, 0, 0.5041971, 0, 15.21921
C:\Users\DELL\Downloads\simulator-windows-64\data\IMG\center_2025_11_21_21_10_38_287.jpg, C:\Users\DELL\Downloads\simulator-windows-64\data\IMG\left_2025_11_21_21_10_38_287.jpg, C:\Users\DELL\Downloads\simulator-windows-64\data\IMG\right_2025_11_21_21_10_38_287.jpg, 0, 0.157476, 0, 15.44067
C:\Users\DELL\Downloads\simulator-windows-64\data\IMG\center_2025_11_21_21_10_38_391.jpg, C:\Users\DELL\Downloads\simulator-windows-64\data\IMG\left_2025_11_21_21_10_38_391.jpg, C:\Users\DELL\Downloads\simulator-windows-64\data\IMG\right_2025_11_21_21_10_38_391.jpg, 0, 0.1109559, 0, 15.56224
C:\Users\DELL\Downloads\simulator-windows-64\data\IMG\center_2025_11_21_21_10_38_492.jpg, C:\Users\DELL\Downloads\simulator-windows-64\data\IMG\left_2025_11_21_21_10_38_492.jpg, C:\Users\DELL\Downloads\simulator-windows-64\data\IMG\right_2025_11_21_21_10_38_492.jpg, 0, 0.4145538, 0, 15.54218
C:\Users\DELL\Downloads\simulator-windows-64\data\IMG\center_2025_11_21_21_10_38_600.jpg, C:\Users\DELL\Downloads\simulator-windows-64\data\IMG\left_2025_11_21_21_10_38_600.jpg, C:\Users\DELL\Downloads\simulator-windows-64\data\IMG\right_2025_11_21_21_10_38_600.jpg, 0, 0.7131553, 0, 16.34663
C:\Users\DELL\Downloads\simulator-windows-64\data\IMG\center_2025_11_21_21_10_38_707.jpg, C:\Users\DELL\Downloads\simulator-windows-64\data\IMG\left_2025_11_21_21_10_38_707.jpg, C:\Users\DELL\Downloads\simulator-windows-64\data\IMG\right_2025_11_21_21_10_38_707.jpg, 0, 0.5607414, 0, 17.12679
C:\Users\DELL\Downloads\simulator-windows-64\data\IMG\center_2025_11_21_21_10_38_816.jpg, C:\Users\DELL\Downloads\simulator-windows-64\data\IMG\left_2025_11_21_21_10_38_816.jpg, C:\Users\DELL\Downloads\simulator-windows-64\data\IMG\right_2025_11_21_21_10_38_816.jpg, 0, 0.2618988, 0, 17.34795
C:\Users\DELL\Downloads\simulator-windows-64\data\IMG\center_2025_11_21_21_10_38_924.jpg, C:\Users\DELL\Downloads\simulator-windows-64\data\IMG\left_2025_11_21_21_10_38_924.jpg, C:\Users\DELL\Downloads\simulator-windows-64\data\IMG\right_2025_11_21_21_10_38_924.jpg, -0.309402, 0, 0, 17.24475
C:\Users\DELL\Downloads\simulator-windows-64\data\IMG\center_2025_11_21_21_10_39_024.jpg, C:\Users\DELL\Downloads\simulator-windows-64\data\IMG\left_2025_11_21_21_10_39_024.jpg, C:\Users\DELL\Downloads\simulator-windows-64\data\IMG\right_2025_11_21_21_10_39_024.jpg, -0.5079888, 0, 0, 16.79094
C:\Users\DELL\Downloads\simulator-windows-64\data\IMG\center_2025_11_21_21_10_39_125.jpg, C:\Users\DELL\Downloads\simulator-windows-64\data\IMG\left_2025_11_21_21_10_39_125.jpg, C:\Users\DELL\Downloads\simulator-windows-64\data\IMG\right_2025_11_21_21_10_39_125.jpg, -0.1515774, 0, 0, 16.5669
C:\Users\DELL\Downloads\simulator-windows-64\data\IMG\center_2025_11_21_21_10_39_228.jpg, C:\Users\DELL\Downloads\simulator-windows-64\data\IMG\left_2025_11_21_21_10_39_228.jpg, C:\Users\DELL\Downloads\simulator-windows-64\data\IMG\right_2025_11_21_21_10_39_228.jpg, 0, 0, 0, 16.60209
C:\Users\DELL\Downloads\simulator-windows-64\data\IMG\center_2025_11_21_21_10_39_337.jpg, C:\Users\DELL\Downloads\simulator-windows-64\data\IMG\left_2025_11_21_21_10_39_337.jpg, C:\Users\DELL\Downloads\simulator-windows-64\data\IMG\right_2025_11_21_21_10_39_337.jpg, 0, 0, 0, 16.21095
C:\Users\DELL\Downloads\simulator-windows-64\data\IMG\center_2025_11_21_21_10_39_446.jpg, C:\Users\DELL\Downloads\simulator-windows-64\data\IMG\left_2025_11_21_21_10_39_446.jpg, C:\Users\DELL\Downloads\simulator-windows-64\data\IMG\right_2025_11_21_21_10_39_446.jpg, 0, 0.0327633, 0, 16.00967
C:\Users\DELL\Downloads\simulator-windows-64\data\IMG\center_2025_11_21_21_10_39_556.jpg, C:\Users\DELL\Downloads\simulator-windows-64\data\IMG\left_2025_11_21_21_10_39_556.jpg, C:\Users\DELL\Downloads\simulator-windows-64\data\IMG\right_2025_11_21_21_10_39_556.jpg, 0, 0.3310113, 0, 16.41102
C:\Users\DELL\Downloads\simulator-windows-64\data\IMG\center_2025_11_21_21_10_39_659.jpg, C:\Users\DELL\Downloads\simulator-windows-64\data\IMG\left_2025_11_21_21_10_39_659.jpg, C:\Users\DELL\Downloads\simulator-windows-64\data\IMG\right_2025_11_21_21_10_39_659.jpg, 0, 0.6490793, 0, 16.70814
C:\Users\DELL\Downloads\simulator-windows-64\data\IMG\center_2025_11_21_21_10_39_762.jpg, C:\Users\DELL\Downloads\simulator-windows-64\data\IMG\left_2025_11_21_21_10_39_762.jpg, C:\Users\DELL\Downloads\simulator-windows-64\data\IMG\right_2025_11_21_21_10_39_762.jpg, 0, 0.9507047, 0, 17.74789
C:\Users\DELL\Downloads\simulator-windows-64\data\IMG\center_2025_11_21_21_10_39_871.jpg, C:\Users\DELL\Downloads\simulator-windows-64\data\IMG\left_2025_11_21_21_10_39_871.jpg, C:\Users\DELL\Downloads\simulator-windows-64\data\IMG\right_2025_11_21_21_10_39_871.jpg, 0, 1, 0, 18.97566
C:\Users\DELL\Downloads\simulator-windows-64\data\IMG\center_2025_11_21_21_10_39_973.jpg, C:\Users\DELL\Downloads\simulator-windows-64\data\IMG\left_2025_11_21_21_10_39_973.jpg, C:\Users\DELL\Downloads\simulator-windows-64\data\IMG\right_2025_11_21_21_10_39_973.jpg, 0, 1, 0, 19.99253
C:\Users\DELL\Downloads\simulator-windows-64\data\IMG\center_2025_11_21_21_10_40_081.jpg, C:\Users\DELL\Downloads\simulator-windows-64\data\IMG\left_2025_11_21_21_10_40_081.jpg, C:\Users\DELL\Downloads\simulator-windows-64\data\IMG\right_2025_11_21_21_10_40_081.jpg, 0, 0.9665209, 0, 21.00258
C:\Users\DELL\Downloads\simulator-windows-64\data\IMG\center_2025_11_21_21_10_40_191.jpg, C:\Users\DELL\Downloads\simulator-windows-64\data\IMG\left_2025_11_21_21_10_40_191.jpg, C:\Users\DELL\Downloads\simulator-windows-64\data\IMG\right_2025_11_21_21_10_40_191.jpg, 0, 0.6088147, 0, 21.70006
C:\Users\DELL\Downloads\simulator-windows-64\data\IMG\center_2025_11_21_21_10_40_294.jpg, C:\Users\DELL\Downloads\simulator-windows-64\data\IMG\left_2025_11_21_21_10_40_294.jpg, C:\Users\DELL\Downloads\simulator-windows-64\data\IMG\right_2025_11_21_21_10_40_294.jpg, 0, 0.3270136, 0, 22.08177
C:\Users\DELL\Downloads\simulator-windows-64\data\IMG\center_2025_11_21_21_10_40_398.jpg, C:\Users\DELL\Downloads\simulator-windows-64\data\IMG\left_2025_11_21_21_10_40_398.jpg, C:\Users\DELL\Downloads\simulator-windows-64\data\IMG\right_2025_11_21_21_10_40_398.jpg, -0.1678791, 0.0147754, 0, 22.00636
C:\Users\DELL\Downloads\simulator-windows-64\data\IMG\center_2025_11_21_21_10_40_502.jpg, C:\Users\DELL\Downloads\simulator-windows-64\data\IMG\left_2025_11_21_21_10_40_502.jpg, C:\Users\DELL\Downloads\simulator-windows-64\data\IMG\right_2025_11_21_21_10_40_502.jpg, -0.2741088, 0, 0, 21.7536
C:\Users\DELL\Downloads\simulator-windows-64\data\IMG\center_2025_11_21_21_10_40_604.jpg, C:\Users\DELL\Downloads\simulator-windows-64\data\IMG\left_2025_11_21_21_10_40_604.jpg, C:\Users\DELL\Downloads\simulator-windows-64\data\IMG\right_2025_11_21_21_10_40_604.jpg, 0, 0, 0, 21.41387
C:\Users\DELL\Downloads\simulator-windows-64\data\IMG\center_2025_11_21_21_10_40_706.jpg, C:\Users\DELL\Downloads\simulator-windows-64\data\IMG\left_2025_11_21_21_10_40_706.jpg, C:\Users\DELL\Downloads\simulator-windows-64\data\IMG\right_2025_11_21_21_10_40_706.jpg, 0, 0, 0, 21.1431
C:\Users\DELL\Downloads\simulator-windows-64\data\IMG\center_2025_11_21_21_10_40_811.jpg, C:\Users\DELL\Downloads\simulator-windows-64\data\IMG\left_2025_11_21_21_10_40_811.jpg, C:\Users\DELL\Downloads\simulator-windows-64\data\IMG\right_2025_11_21_21_10_40_811.jpg, 0, 0, 0, 21.09748
C:\Users\DELL\Downloads\simulator-windows-64\data\IMG\center_2025_11_21_21_10_40_918.jpg, C:\Users\DELL\Downloads\simulator-windows-64\data\IMG\left_2025_11_21_21_10_40_918.jpg, C:\Users\DELL\Downloads\simulator-windows-64\data\IMG\right_2025_11_21_21_10_40_918.jpg, 0, 0, 0, 20.68308
C:\Users\DELL\Downloads\simulator-windows-64\data\IMG\center_2025_11_21_21_10_41_019.jpg, C:\Users\DELL\Downloads\simulator-windows-64\data\IMG\left_2025_11_21_21_10_41_019.jpg, C:\Users\DELL\Downloads\simulator-windows-64\data\IMG\right_2025_11_21_21_10_41_019.jpg, -0.2623533, 0, 0, 20.66534
C:\Users\DELL\Downloads\simulator-windows-64\data\IMG\center_2025_11_21_21_10_41_119.jpg, C:\Users\DELL\Downloads\simulator-windows-64\data\IMG\left_2025_11_21_21_10_41_119.jpg, C:\Users\DELL\Downloads\simulator-windows-64\data\IMG\right_2025_11_21_21_10_41_119.jpg, -0.4585215, 0, 0, 20.0441
C:\Users\DELL\Downloads\simulator-windows-64\data\IMG\center_2025_11_21_21_10_41_230.jpg, C:\Users\DELL\Downloads\simulator-windows-64\data\IMG\left_2025_11_21_21_10_41_230.jpg, C:\Users\DELL\Downloads\simulator-windows-64\data\IMG\right_2025_11_21_21_10_41_230.jpg, -0.103251, 0, 0, 19.78488
C:\Users\DELL\Downloads\simulator-windows-64\data\IMG\center_2025_11_21_21_10_41_334.jpg, C:\Users\DELL\Downloads\simulator-windows-64\data\IMG\left_2025_11_21_21_10_41_334.jpg, C:\Users\DELL\Downloads\simulator-windows-64\data\IMG\right_2025_11_21_21_10_41_334.jpg, 0, 0, 0, 19.91541
C:\Users\DELL\Downloads\simulator-windows-64\data\IMG\center_2025_11_21_21_10_41_439.jpg, C:\Users\DELL\Downloads\simulator-windows-64\data\IMG\left_2025_11_21_21_10_41_439.jpg, C:\Users\DELL\Downloads\simulator-windows-64\data\IMG\right_2025_11_21_21_10_41_439.jpg, 0, 0, 0, 19.33248
C:\Users\DELL\Downloads\simulator-windows-64\data\IMG\center_2025_11_21_21_10_41_539.jpg, C:\Users\DELL\Downloads\simulator-windows-64\data\IMG\left_2025_11_21_21_10_41_539.jpg, C:\Users\DELL\Downloads\simulator-windows-64\data\IMG\right_2025_11_21_21_10_41_539.jpg, 0, 0, 0, 19.53519
C:\Users\DELL\Downloads\simulator-windows-64\data\IMG\center_2025_11_21_21_10_41_641.jpg, C:\Users\DELL\Downloads\simulator-windows-64\data\IMG\left_2025_11_21_21_10_41_641.jpg, C:\Users\DELL\Downloads\simulator-windows-64\data\IMG\right_2025_11_21_21_10_41_641.jpg, 0, 0, 0, 18.91426
C:\Users\DELL\Downloads\simulator-windows-64\data\IMG\center_2025_11_21_21_10_41_742.jpg, C:\Users\DELL\Downloads\simulator-windows-64\data\IMG\left_2025_11_21_21_10_41_742.jpg, C:\Users\DELL\Downloads\simulator-windows-64\data\IMG\right_2025_11_21_21_10_41_742.jpg, 0, 0.272802, 0, 19.28037
C:\Users\DELL\Downloads\simulator-windows-64\data\IMG\center_2025_11_21_21_10_41_844.jpg, C:\Users\DELL\Downloads\simulator-windows-64\data\IMG\left_2025_11_21_21_10_41_844.jpg, C:\Users\DELL\Downloads\simulator-windows-64\data\IMG\right_2025_11_21_21_10_41_844.jpg, 0, 0.03704131, 0, 18.78467
C:\Users\DELL\Downloads\simulator-windows-64\data\IMG\center_2025_11_21_21_10_41_948.jpg, C:\Users\DELL\Downloads\simulator-windows-64\data\IMG\left_2025_11_21_21_10_41_948.jpg, C:\Users\DELL\Downloads\simulator-windows-64\data\IMG\right_2025_11_21_21_10_41_948.jpg, 0, 0, 0, 18.51965
C:\Users\DELL\Downloads\simulator-windows-64\data\IMG\center_2025_11_21_21_10_42_053.jpg, C:\Users\DELL\Downloads\simulator-windows-64\data\IMG\left_2025_11_21_21_10_42_053.jpg, C:\Users\DELL\Downloads\simulator-windows-64\data\IMG\right_2025_11_21_21_10_42_053.jpg, 0, 0, 0, 18.80249
C:\Users\DELL\Downloads\simulator-windows-64\data\IMG\center_2025_11_21_21_10_42_154.jpg, C:\Users\DELL\Downloads\simulator-windows-64\data\IMG\left_2025_11_21_21_10_42_154.jpg, C:\Users\DELL\Downloads\simulator-windows-64\data\IMG\right_2025_11_21_21_10_42_154.jpg, -0.1520253, 0, 0, 18.1216
C:\Users\DELL\Downloads\simulator-windows-64\data\IMG\center_2025_11_21_21_10_42_265.jpg, C:\Users\DELL\Downloads\simulator-windows-64\data\IMG\left_2025_11_21_21_10_42_265.jpg, C:\Users\DELL\Downloads\simulator-windows-64\data\IMG\right_2025_11_21_21_10_42_265.jpg, 0, 0, 0, 17.8862
C:\Users\DELL\Downloads\simulator-windows-64\data\IMG\center_2025_11_21_21_10_42_368.jpg, C:\Users\DELL\Downloads\simulator-windows-64\data\IMG\left_2025_11_21_21_10_42_368.jpg, C:\Users\DELL\Downloads\simulator-windows-64\data\IMG\right_2025_11_21_21_10_42_368.jpg, 0, 0, 0, 18.21181
C:\Users\DELL\Downloads\simulator-windows-64\data\IMG\center_2025_11_21_21_10_42_475.jpg, C:\Users\DELL\Downloads\simulator-windows-64\data\IMG\left_2025_11_21_21_10_42_475.jpg, C:\Users\DELL\Downloads\simulator-windows-64\data\IMG\right_2025_11_21_21_10_42_475.jpg, 0, 0, 0, 17.51379
C:\Users\DELL\Downloads\simulator-windows-64\data\IMG\center_2025_11_21_21_10_42_580.jpg, C:\Users\DELL\Downloads\simulator-windows-64\data\IMG\left_2025_11_21_21_10_42_580.jpg, C:\Users\DELL\Downloads\simulator-windows-64\data\IMG\right_2025_11_21_21_10_42_580.jpg, 0, 0, 0, 17.85493
C:\Users\DELL\Downloads\simulator-windows-64\data\IMG\center_2025_11_21_21_10_42_682.jpg, C:\Users\DELL\Downloads\simulator-windows-64\data\IMG\left_2025_11_21_21_10_42_682.jpg, C:\Users\DELL\Downloads\simulator-windows-64\data\IMG\right_2025_11_21_21_10_42_682.jpg, 0, 0, 0, 17.15017
C:\Users\DELL\Downloads\simulator-windows-64\data\IMG\center_2025_11_21_21_10_42_786.jpg, C:\Users\DELL\Downloads\simulator-windows-64\data\IMG\left_2025_11_21_21_10_42_786.jpg, C:\Users\DELL\Downloads\simulator-windows-64\data\IMG\right_2025_11_21_21_10_42_786.jpg, 0, 0, 0, 16.93607
C:\Users\DELL\Downloads\simulator-windows-64\data\IMG\center_2025_11_21_21_10_42_893.jpg, C:\Users\DELL\Downloads\simulator-windows-64\data\IMG\left_2025_11_21_21_10_42_893.jpg, C:\Users\DELL\Downloads\simulator-windows-64\data\IMG\right_2025_11_21_21_10_42_893.jpg, 0, 0, 0, 17.29757
C:\Users\DELL\Downloads\simulator-windows-64\data\IMG\center_2025_11_21_21_10_42_996.jpg, C:\Users\DELL\Downloads\simulator-windows-64\data\IMG\left_2025_11_21_21_10_42_996.jpg, C:\Users\DELL\Downloads\simulator-windows-64\data\IMG\right_2025_11_21_21_10_42_996.jpg, 0, 0, 0, 16.58616
C:\Users\DELL\Downloads\simulator-windows-64\data\IMG\center_2025_11_21_21_10_43_102.jpg, C:\Users\DELL\Downloads\simulator-windows-64\data\IMG\left_2025_11_21_21_10_43_102.jpg, C:\Users\DELL\Downloads\simulator-windows-64\data\IMG\right_2025_11_21_21_10_43_102.jpg, 0, 0, 0, 16.95852
C:\Users\DELL\Downloads\simulator-windows-64\data\IMG\center_2025_11_21_21_10_43_210.jpg, C:\Users\DELL\Downloads\simulator-windows-64\data\IMG\left_2025_11_21_21_10_43_210.jpg, C:\Users\DELL\Downloads\simulator-windows-64\data\IMG\right_2025_11_21_21_10_43_210.jpg, 0, 0, 0, 16.75884
C:\Users\DELL\Downloads\simulator-windows-64\data\IMG\center_2025_11_21_21_10_43_318.jpg, C:\Users\DELL\Downloads\simulator-windows-64\data\IMG\left_2025_11_21_21_10_43_318.jpg, C:\Users\DELL\Downloads\simulator-windows-64\data\IMG\right_2025_11_21_21_10_43_318.jpg, 0, 0, 0, 16.04652
C:\Users\DELL\Downloads\simulator-windows-64\data\IMG\center_2025_11_21_21_10_43_418.jpg, C:\Users\DELL\Downloads\simulator-windows-64\data\IMG\left_2025_11_21_21_10_43_418.jpg, C:\Users\DELL\Downloads\simulator-windows-64\data\IMG\right_2025_11_21_21_10_43_418.jpg, 0, 0, 0, 16.43459
C:\Users\DELL\Downloads\simulator-windows-64\data\IMG\center_2025_11_21_21_10_43_523.jpg, C:\Users\DELL\Downloads\simulator-windows-64\data\IMG\left_2025_11_21_21_10_43_523.jpg, C:\Users\DELL\Downloads\simulator-windows-64\data\IMG\right_2025_11_21_21_10_43_523.jpg, 0, 0, 0, 15.73167
C:\Users\DELL\Downloads\simulator-windows-64\data\IMG\center_2025_11_21_21_10_43_635.jpg, C:\Users\DELL\Downloads\simulator-windows-64\data\IMG\left_2025_11_21_21_10_43_635.jpg, C:\Users\DELL\Downloads\simulator-windows-64\data\IMG\right_2025_11_21_21_10_43_635.jpg, -0.3116865, 0, 0, 15.43862
C:\Users\DELL\Downloads\simulator-windows-64\data\IMG\center_2025_11_21_21_10_43_736.jpg, C:\Users\DELL\Downloads\simulator-windows-64\data\IMG\left_2025_11_21_21_10_43_736.jpg, C:\Users\DELL\Downloads\simulator-windows-64\data\IMG\right_2025_11_21_21_10_43_736.jpg, -0.3633273, 0, 0, 15.75812
C:\Users\DELL\Downloads\simulator-windows-64\data\IMG\center_2025_11_21_21_10_43_843.jpg, C:\Users\DELL\Downloads\simulator-windows-64\data\IMG\left_2025_11_21_21_10_43_843.jpg, C:\Users\DELL\Downloads\simulator-windows-64\data\IMG\right_2025_11_21_21_10_43_843.jpg, -0.06755695, 0, 0, 15.06443
C:\Users\DELL\Downloads\simulator-windows-64\data\IMG\center_2025_11_21_21_10_43_955.jpg, C:\Users\DELL\Downloads\simulator-windows-64\data\IMG\left_2025_11_21_21_10_43_955.jpg, C:\Users\DELL\Downloads\simulator-windows-64\data\IMG\right_2025_11_21_21_10_43_955.jpg, 0, 0, 0, 14.85264
C:\Users\DELL\Downloads\simulator-windows-64\data\IMG\center_2025_11_21_21_10_44_057.jpg, C:\Users\DELL\Downloads\simulator-windows-64\data\IMG\left_2025_11_21_21_10_44_057.jpg, C:\Users\DELL\Downloads\simulator-windows-64\data\IMG\right_2025_11_21_21_10_44_057.jpg, -0.1243236, 0, 0, 15.27039
C:\Users\DELL\Downloads\simulator-windows-64\data\IMG\center_2025_11_21_21_10_44_170.jpg, C:\Users\DELL\Downloads\simulator-windows-64\data\IMG\left_2025_11_21_21_10_44_170.jpg, C:\Users\DELL\Downloads\simulator-windows-64\data\IMG\right_2025_11_21_21_10_44_170.jpg, -0.4734669, 0, 0, 14.91968
C:\Users\DELL\Downloads\simulator-windows-64\data\IMG\center_2025_11_21_21_10_44_273.jpg, C:\Users\DELL\Downloads\simulator-windows-64\data\IMG\left_2025_11_21_21_10_44_273.jpg, C:\Users\DELL\Downloads\simulator-windows-64\data\IMG\right_2025_11_21_21_10_44_273.jpg, -0.1480772, 0, 0, 14.29946
C:\Users\DELL\Downloads\simulator-windows-64\data\IMG\center_2025_11_21_21_10_44_374.jpg, C:\Users\DELL\Downloads\simulator-windows-64\data\IMG\left_2025_11_21_21_10_44_374.jpg, C:\Users\DELL\Downloads\simulator-windows-64\data\IMG\right_2025_11_21_21_10_44_374.jpg, 0, 0.0300993, 0, 14.63544
C:\Users\DELL\Downloads\simulator-windows-64\data\IMG\center_2025_11_21_21_10_44_480.jpg, C:\Users\DELL\Downloads\simulator-windows-64\data\IMG\left_2025_11_21_21_10_44_480.jpg, C:\Users\DELL\Downloads\simulator-windows-64\data\IMG\right_2025_11_21_21_10_44_480.jpg, 0, 0.3213591, 0, 14.11054
C:\Users\DELL\Downloads\simulator-windows-64\data\IMG\center_2025_11_21_21_10_44_581.jpg, C:\Users\DELL\Downloads\simulator-windows-64\data\IMG\left_2025_11_21_21_10_44_581.jpg, C:\Users\DELL\Downloads\simulator-windows-64\data\IMG\right_2025_11_21_21_10_44_581.jpg, 0, 0.6254889, 0, 14.97729
C:\Users\DELL\Downloads\simulator-windows-64\data\IMG\center_2025_11_21_21_10_44_689.jpg, C:\Users\DELL\Downloads\simulator-windows-64\data\IMG\left_2025_11_21_21_10_44_689.jpg, C:\Users\DELL\Downloads\simulator-windows-64\data\IMG\right_2025_11_21_21_10_44_689.jpg, 0, 0.9768599, 0, 15.92326
C:\Users\DELL\Downloads\simulator-windows-64\data\IMG\center_2025_11_21_21_10_44_792.jpg, C:\Users\DELL\Downloads\simulator-windows-64\data\IMG\left_2025_11_21_21_10_44_792.jpg, C:\Users\DELL\Downloads\simulator-windows-64\data\IMG\right_2025_11_21_21_10_44_792.jpg, 0, 1, 0, 16.91967
C:\Users\DELL\Downloads\simulator-windows-64\data\IMG\center_2025_11_21_21_10_44_892.jpg, C:\Users\DELL\Downloads\simulator-windows-64\data\IMG\left_2025_11_21_21_10_44_892.jpg, C:\Users\DELL\Downloads\simulator-windows-64\data\IMG\right_2025_11_21_21_10_44_892.jpg, 0, 1, 0, 17.99518
C:\Users\DELL\Downloads\simulator-windows-64\data\IMG\center_2025_11_21_21_10_44_992.jpg, C:\Users\DELL\Downloads\simulator-windows-64\data\IMG\left_2025_11_21_21_10_44_992.jpg, C:\Users\DELL\Downloads\simulator-windows-64\data\IMG\right_2025_11_21_21_10_44_992.jpg, 0, 0.6999549, 0, 18.83201
C:\Users\DELL\Downloads\simulator-windows-64\data\IMG\center_2025_11_21_21_10_45_095.jpg, C:\Users\DELL\Downloads\simulator-windows-64\data\IMG\left_2025_11_21_21_10_45_095.jpg, C:\Users\DELL\Downloads\simulator-windows-64\data\IMG\right_2025_11_21_21_10_45_095.jpg, -0.0874428, 0.4153518, 0, 19.3086
C:\Users\DELL\Downloads\simulator-windows-64\data\IMG\center_2025_11_21_21_10_45_202.jpg, C:\Users\DELL\Downloads\simulator-windows-64\data\IMG\left_2025_11_21_21_10_45_202.jpg, C:\Users\DELL\Downloads\simulator-windows-64\data\IMG\right_2025_11_21_21_10_45_202.jpg, -0.3832689, 0.1195257, 0, 19.25037
C:\Users\DELL\Downloads\simulator-windows-64\data\IMG\center_2025_11_21_21_10_45_306.jpg, C:\Users\DELL\Downloads\simulator-windows-64\data\IMG\left_2025_11_21_21_10_45_306.jpg, C:\Users\DELL\Downloads\simulator-windows-64\data\IMG\right_2025_11_21_21_10_45_306.jpg, -0.432681, 0, 0, 18.88737
C:\Users\DELL\Downloads\simulator-windows-64\data\IMG\center_2025_11_21_21_10_45_410.jpg, C:\Users\DELL\Downloads\simulator-windows-64\data\IMG\left_2025_11_21_21_10_45_410.jpg, C:\Users\DELL\Downloads\simulator-windows-64\data\IMG\right_2025_11_21_21_10_45_410.jpg, -0.1207599, 0, 0, 18.67207
C:\Users\DELL\Downloads\simulator-windows-64\data\IMG\center_2025_11_21_21_10_45_516.jpg, C:\Users\DELL\Downloads\simulator-windows-64\data\IMG\left_2025_11_21_21_10_45_516.jpg, C:\Users\DELL\Downloads\simulator-windows-64\data\IMG\right_2025_11_21_21_10_45_516.jpg, 0, 0, 0, 18.52907
C:\Users\DELL\Downloads\simulator-windows-64\data\IMG\center_2025_11_21_21_10_45_617.jpg, C:\Users\DELL\Downloads\simulator-windows-64\data\IMG\left_2025_11_21_21_10_45_617.jpg, C:\Users\DELL\Downloads\simulator-windows-64\data\IMG\right_2025_11_21_21_10_45_617.jpg, -0.0581883, 0, 0, 18.24944
C:\Users\DELL\Downloads\simulator-windows-64\data\IMG\center_2025_11_21_21_10_45_718.jpg, C:\Users\DELL\Downloads\simulator-windows-64\data\IMG\left_2025_11_21_21_10_45_718.jpg, C:\Users\DELL\Downloads\simulator-windows-64\data\IMG\right_2025_11_21_21_10_45_718.jpg, -0.3604737, 0, 0, 18.09911
C:\Users\DELL\Downloads\simulator-windows-64\data\IMG\center_2025_11_21_21_10_45_824.jpg, C:\Users\DELL\Downloads\simulator-windows-64\data\IMG\left_2025_11_21_21_10_45_824.jpg, C:\Users\DELL\Downloads\simulator-windows-64\data\IMG\right_2025_11_21_21_10_45_824.jpg, -0.07853404, 0, 0, 17.85546
C:\Users\DELL\Downloads\simulator-windows-64\data\IMG\center_2025_11_21_21_10_45_933.jpg, C:\Users\DELL\Downloads\simulator-windows-64\data\IMG\left_2025_11_21_21_10_45_933.jpg, C:\Users\DELL\Downloads\simulator-windows-64\data\IMG\right_2025_11_21_21_10_45_933.jpg, 0, 0, 0, 17.59926
C:\Users\DELL\Downloads\simulator-windows-64\data\IMG\center_2025_11_21_21_10_46_036.jpg, C:\Users\DELL\Downloads\simulator-windows-64\data\IMG\left_2025_11_21_21_10_46_036.jpg, C:\Users\DELL\Downloads\simulator-windows-64\data\IMG\right_2025_11_21_21_10_46_036.jpg, 0, 0, 0, 17.45242
C:\Users\DELL\Downloads\simulator-windows-64\data\IMG\center_2025_11_21_21_10_46_142.jpg, C:\Users\DELL\Downloads\simulator-windows-64\data\IMG\left_2025_11_21_21_10_46_142.jpg, C:\Users\DELL\Downloads\simulator-windows-64\data\IMG\right_2025_11_21_21_10_46_142.jpg, 0, 0.1807605, 0, 17.31538
C:\Users\DELL\Downloads\simulator-windows-64\data\IMG\center_2025_11_21_21_10_46_249.jpg, C:\Users\DELL\Downloads\simulator-windows-64\data\IMG\left_2025_11_21_21_10_46_249.jpg, C:\Users\DELL\Downloads\simulator-windows-64\data\IMG\right_2025_11_21_21_10_46_249.jpg, 0, 0.5279313, 0, 17.88154
C:\Users\DELL\Downloads\simulator-windows-64\data\IMG\center_2025_11_21_21_10_46_354.jpg, C:\Users\DELL\Downloads\simulator-windows-64\data\IMG\left_2025_11_21_21_10_46_354.jpg, C:\Users\DELL\Downloads\simulator-windows-64\data\IMG\right_2025_11_21_21_10_46_354.jpg, 0, 0.8161349, 0, 18.54086
C:\Users\DELL\Downloads\simulator-windows-64\data\IMG\center_2025_11_21_21_10_46_454.jpg, C:\Users\DELL\Downloads\simulator-windows-64\data\IMG\left_2025_11_21_21_10_46_454.jpg, C:\Users\DELL\Downloads\simulator-windows-64\data\IMG\right_2025_11_21_21_10_46_454.jpg, 0, 1, 0, 19.54869
C:\Users\DELL\Downloads\simulator-windows-64\data\IMG\center_2025_11_21_21_10_46_558.jpg, C:\Users\DELL\Downloads\simulator-windows-64\data\IMG\left_2025_11_21_21_10_46_558.jpg, C:\Users\DELL\Downloads\simulator-windows-64\data\IMG\right_2025_11_21_21_10_46_558.jpg, 0, 1, 0, 20.56892
C:\Users\DELL\Downloads\simulator-windows-64\data\IMG\center_2025_11_21_21_10_46_658.jpg, C:\Users\DELL\Downloads\simulator-windows-64\data\IMG\left_2025_11_21_21_10_46_658.jpg, C:\Users\DELL\Downloads\simulator-windows-64\data\IMG\right_2025_11_21_21_10_46_658.jpg, 0, 1, 0, 21.56956
C:\Users\DELL\Downloads\simulator-windows-64\data\IMG\center_2025_11_21_21_10_46_766.jpg, C:\Users\DELL\Downloads\simulator-windows-64\data\IMG\left_2025_11_21_21_10_46_766.jpg, C:\Users\DELL\Downloads\simulator-windows-64\data\IMG\right_2025_11_21_21_10_46_766.jpg, 0, 1, 0, 22.75969
C:\Users\DELL\Downloads\simulator-windows-64\data\IMG\center_2025_11_21_21_10_46_871.jpg, C:\Users\DELL\Downloads\simulator-windows-64\data\IMG\left_2025_11_21_21_10_46_871.jpg, C:\Users\DELL\Downloads\simulator-windows-64\data\IMG\right_2025_11_21_21_10_46_871.jpg, 0, 1, 0, 23.73899
C:\Users\DELL\Downloads\simulator-windows-64\data\IMG\center_2025_11_21_21_10_46_980.jpg, C:\Users\DELL\Downloads\simulator-windows-64\data\IMG\left_2025_11_21_21_10_46_980.jpg, C:\Users\DELL\Downloads\simulator-windows-64\data\IMG\right_2025_11_21_21_10_46_980.jpg, 0, 1, 0, 24.70878
C:\Users\DELL\Downloads\simulator-windows-64\data\IMG\center_2025_11_21_21_10_47_082.jpg, C:\Users\DELL\Downloads\simulator-windows-64\data\IMG\left_2025_11_21_21_10_47_082.jpg, C:\Users\DELL\Downloads\simulator-windows-64\data\IMG\right_2025_11_21_21_10_47_082.jpg, 0, 1, 0, 25.66852
C:\Users\DELL\Downloads\simulator-windows-64\data\IMG\center_2025_11_21_21_10_47_182.jpg, C:\Users\DELL\Downloads\simulator-windows-64\data\IMG\left_2025_11_21_21_10_47_182.jpg, C:\Users\DELL\Downloads\simulator-windows-64\data\IMG\right_2025_11_21_21_10_47_182.jpg, 0, 0.8601841, 0, 26.58923
C:\Users\DELL\Downloads\simulator-windows-64\data\IMG\center_2025_11_21_21_10_47_286.jpg, C:\Users\DELL\Downloads\simulator-windows-64\data\IMG\left_2025_11_21_21_10_47_286.jpg, C:\Users\DELL\Downloads\simulator-windows-64\data\IMG\right_2025_11_21_21_10_47_286.jpg, 0, 0.5161248, 0, 27.27483
C:\Users\DELL\Downloads\simulator-windows-64\data\IMG\center_2025_11_21_21_10_47_395.jpg, C:\Users\DELL\Downloads\simulator-windows-64\data\IMG\left_2025_11_21_21_10_47_395.jpg, C:\Users\DELL\Downloads\simulator-windows-64\data\IMG\right_2025_11_21_21_10_47_395.jpg, 0, 0.1991286, 0, 27.29328
C:\Users\DELL\Downloads\simulator-windows-64\data\IMG\center_2025_11_21_21_10_47_492.jpg, C:\Users\DELL\Downloads\simulator-windows-64\data\IMG\left_2025_11_21_21_10_47_492.jpg, C:\Users\DELL\Downloads\simulator-windows-64\data\IMG\right_2025_11_21_21_10_47_492.jpg, 0, 0, 0, 27.10062
C:\Users\DELL\Downloads\simulator-windows-64\data\IMG\center_2025_11_21_21_10_47_596.jpg, C:\Users\DELL\Downloads\simulator-windows-64\data\IMG\left_2025_11_21_21_10_47_596.jpg, C:\Users\DELL\Downloads\simulator-windows-64\data\IMG\right_2025_11_21_21_10_47_596.jpg, -0.1417701, 0, 0, 26.82061
C:\Users\DELL\Downloads\simulator-windows-64\data\IMG\center_2025_11_21_21_10_47_701.jpg, C:\Users\DELL\Downloads\simulator-windows-64\data\IMG\left_2025_11_21_21_10_47_701.jpg, C:\Users\DELL\Downloads\simulator-windows-64\data\IMG\right_2025_11_21_21_10_47_701.jpg, -0.3119469, 0, 0, 26.41029
C:\Users\DELL\Downloads\simulator-windows-64\data\IMG\center_2025_11_21_21_10_47_809.jpg, C:\Users\DELL\Downloads\simulator-windows-64\data\IMG\left_2025_11_21_21_10_47_809.jpg, C:\Users\DELL\Downloads\simulator-windows-64\data\IMG\right_2025_11_21_21_10_47_809.jpg, 0, 0, 0, 26.08771
C:\Users\DELL\Downloads\simulator-windows-64\data\IMG\center_2025_11_21_21_10_47_909.jpg, C:\Users\DELL\Downloads\simulator-windows-64\data\IMG\left_2025_11_21_21_10_47_909.jpg, C:\Users\DELL\Downloads\simulator-windows-64\data\IMG\right_2025_11_21_21_10_47_909.jpg, 0, 0, 0, 25.82144
C:\Users\DELL\Downloads\simulator-windows-64\data\IMG\center_2025_11_21_21_10_48_010.jpg, C:\Users\DELL\Downloads\simulator-windows-64\data\IMG\left_2025_11_21_21_10_48_010.jpg, C:\Users\DELL\Downloads\simulator-windows-64\data\IMG\right_2025_11_21_21_10_48_010.jpg, 0, 0, 0, 25.56149
C:\Users\DELL\Downloads\simulator-windows-64\data\IMG\center_2025_11_21_21_10_48_117.jpg, C:\Users\DELL\Downloads\simulator-windows-64\data\IMG\left_2025_11_21_21_10_48_117.jpg, C:\Users\DELL\Downloads\simulator-windows-64\data\IMG\right_2025_11_21_21_10_48_117.jpg, 0, 0, 0, 25.30471
C:\Users\DELL\Downloads\simulator-windows-64\data\IMG\center_2025_11_21_21_10_48_221.jpg, C:\Users\DELL\Downloads\simulator-windows-64\data\IMG\left_2025_11_21_21_10_48_221.jpg, C:\Users\DELL\Downloads\simulator-windows-64\data\IMG\right_2025_11_21_21_10_48_221.jpg, 0, 0, 0, 25.05063
C:\Users\DELL\Downloads\simulator-windows-64\data\IMG\center_2025_11_21_21_10_48_328.jpg, C:\Users\DELL\Downloads\simulator-windows-64\data\IMG\left_2025_11_21_21_10_48_328.jpg, C:\Users\DELL\Downloads\simulator-windows-64\data\IMG\right_2025_11_21_21_10_48_328.jpg, 0, 0, 0, 24.74912
C:\Users\DELL\Downloads\simulator-windows-64\data\IMG\center_2025_11_21_21_10_48_435.jpg, C:\Users\DELL\Downloads\simulator-windows-64\data\IMG\left_2025_11_21_21_10_48_435.jpg, C:\Users\DELL\Downloads\simulator-windows-64\data\IMG\right_2025_11_21_21_10_48_435.jpg, 0, 0, 0, 24.50063
C:\Users\DELL\Downloads\simulator-windows-64\data\IMG\center_2025_11_21_21_10_48_535.jpg, C:\Users\DELL\Downloads\simulator-windows-64\data\IMG\left_2025_11_21_21_10_48_535.jpg, C:\Users\DELL\Downloads\simulator-windows-64\data\IMG\right_2025_11_21_21_10_48_535.jpg, 0, 0, 0, 24.25464
C:\Users\DELL\Downloads\simulator-windows-64\data\IMG\center_2025_11_21_21_10_48_636.jpg, C:\Users\DELL\Downloads\simulator-windows-64\data\IMG\left_2025_11_21_21_10_48_636.jpg, C:\Users\DELL\Downloads\simulator-windows-64\data\IMG\right_2025_11_21_21_10_48_636.jpg, 0, 0, 0, 24.01112
C:\Users\DELL\Downloads\simulator-windows-64\data\IMG\center_2025_11_21_21_10_48_742.jpg, C:\Users\DELL\Downloads\simulator-windows-64\data\IMG\left_2025_11_21_21_10_48_742.jpg, C:\Users\DELL\Downloads\simulator-windows-64\data\IMG\right_2025_11_21_21_10_48_742.jpg, 0, 0, 0, 23.77005
C:\Users\DELL\Downloads\simulator-windows-64\data\IMG\center_2025_11_21_21_10_48_843.jpg, C:\Users\DELL\Downloads\simulator-windows-64\data\IMG\left_2025_11_21_21_10_48_843.jpg, C:\Users\DELL\Downloads\simulator-windows-64\data\IMG\right_2025_11_21_21_10_48_843.jpg, 0, 0, 0, 23.53139
C:\Users\DELL\Downloads\simulator-windows-64\data\IMG\center_2025_11_21_21_10_48_948.jpg, C:\Users\DELL\Downloads\simulator-windows-64\data\IMG\left_2025_11_21_21_10_48_948.jpg, C:\Users\DELL\Downloads\simulator-windows-64\data\IMG\right_2025_11_21_21_10_48_948.jpg, 0, 0, 0, 23.24818
C:\Users\DELL\Downloads\simulator-windows-64\data\IMG\center_2025_11_21_21_10_49_051.jpg, C:\Users\DELL\Downloads\simulator-windows-64\data\IMG\left_2025_11_21_21_10_49_051.jpg, C:\Users\DELL\Downloads\simulator-windows-64\data\IMG\right_2025_11_21_21_10_49_051.jpg, 0, 0, 0, 23.01477
C:\Users\DELL\Downloads\simulator-windows-64\data\IMG\center_2025_11_21_21_10_49_159.jpg, C:\Users\DELL\Downloads\simulator-windows-64\data\IMG\left_2025_11_21_21_10_49_159.jpg, C:\Users\DELL\Downloads\simulator-windows-64\data\IMG\right_2025_11_21_21_10_49_159.jpg, 0, 0, 0, 22.7837
C:\Users\DELL\Downloads\simulator-windows-64\data\IMG\center_2025_11_21_21_10_49_268.jpg, C:\Users\DELL\Downloads\simulator-windows-64\data\IMG\left_2025_11_21_21_10_49_268.jpg, C:\Users\DELL\Downloads\simulator-windows-64\data\IMG\right_2025_11_21_21_10_49_268.jpg, 0, 0, 0, 22.50948
C:\Users\DELL\Downloads\simulator-windows-64\data\IMG\center_2025_11_21_21_10_49_372.jpg, C:\Users\DELL\Downloads\simulator-windows-64\data\IMG\left_2025_11_21_21_10_49_372.jpg, C:\Users\DELL\Downloads\simulator-windows-64\data\IMG\right_2025_11_21_21_10_49_372.jpg, 0, 0, 0, 22.28349
C:\Users\DELL\Downloads\simulator-windows-64\data\IMG\center_2025_11_21_21_10_49_481.jpg, C:\Users\DELL\Downloads\simulator-windows-64\data\IMG\left_2025_11_21_21_10_49_481.jpg, C:\Users\DELL\Downloads\simulator-windows-64\data\IMG\right_2025_11_21_21_10_49_481.jpg, 0, 0, 0, 22.05977
C:\Users\DELL\Downloads\simulator-windows-64\data\IMG\center_2025_11_21_21_10_49_593.jpg, C:\Users\DELL\Downloads\simulator-windows-64\data\IMG\left_2025_11_21_21_10_49_593.jpg, C:\Users\DELL\Downloads\simulator-windows-64\data\IMG\right_2025_11_21_21_10_49_593.jpg, 0, 0, 0, 21.79427
C:\Users\DELL\Downloads\simulator-windows-64\data\IMG\center_2025_11_21_21_10_49_698.jpg, C:\Users\DELL\Downloads\simulator-windows-64\data\IMG\left_2025_11_21_21_10_49_698.jpg, C:\Users\DELL\Downloads\simulator-windows-64\data\IMG\right_2025_11_21_21_10_49_698.jpg, 0, 0, 0, 21.57546
C:\Users\DELL\Downloads\simulator-windows-64\data\IMG\center_2025_11_21_21_10_49_800.jpg, C:\Users\DELL\Downloads\simulator-windows-64\data\IMG\left_2025_11_21_21_10_49_800.jpg, C:\Users\DELL\Downloads\simulator-windows-64\data\IMG\right_2025_11_21_21_10_49_800.jpg, 0, 0, 0, 21.35886
C:\Users\DELL\Downloads\simulator-windows-64\data\IMG\center_2025_11_21_21_10_49_908.jpg, C:\Users\DELL\Downloads\simulator-windows-64\data\IMG\left_2025_11_21_21_10_49_908.jpg, C:\Users\DELL\Downloads\simulator-windows-64\data\IMG\right_2025_11_21_21_10_49_908.jpg, 0, 0, 0, 21.10181
C:\Users\DELL\Downloads\simulator-windows-64\data\IMG\center_2025_11_21_21_10_50_016.jpg, C:\Users\DELL\Downloads\simulator-windows-64\data\IMG\left_2025_11_21_21_10_50_016.jpg, C:\Users\DELL\Downloads\simulator-windows-64\data\IMG\right_2025_11_21_21_10_50_016.jpg, 0, 0, 0, 20.88909
C:\Users\DELL\Downloads\simulator-windows-64\data\IMG\center_2025_11_21_21_10_50_116.jpg, C:\Users\DELL\Downloads\simulator-windows-64\data\IMG\left_2025_11_21_21_10_50_116.jpg, C:\Users\DELL\Downloads\simulator-windows-64\data\IMG\right_2025_11_21_21_10_50_116.jpg, 0, 0, 0, 20.67806
C:\Users\DELL\Downloads\simulator-windows-64\data\IMG\center_2025_11_21_21_10_50_224.jpg, C:\Users\DELL\Downloads\simulator-windows-64\data\IMG\left_2025_11_21_21_10_50_224.jpg, C:\Users\DELL\Downloads\simulator-windows-64\data\IMG\right_2025_11_21_21_10_50_224.jpg, 0, 0, 0, 20.42775
C:\Users\DELL\Downloads\simulator-windows-64\data\IMG\center_2025_11_21_21_10_50_342.jpg, C:\Users\DELL\Downloads\simulator-windows-64\data\IMG\left_2025_11_21_21_10_50_342.jpg, C:\Users\DELL\Downloads\simulator-windows-64\data\IMG\right_2025_11_21_21_10_50_342.jpg, 0, 0, 0, 20.22076
C:\Users\DELL\Downloads\simulator-windows-64\data\IMG\center_2025_11_21_21_10_50_451.jpg, C:\Users\DELL\Downloads\simulator-windows-64\data\IMG\left_2025_11_21_21_10_50_451.jpg, C:\Users\DELL\Downloads\simulator-windows-64\data\IMG\right_2025_11_21_21_10_50_451.jpg, 0, 0, 0, 19.9748
C:\Users\DELL\Downloads\simulator-windows-64\data\IMG\center_2025_11_21_21_10_50_556.jpg, C:\Users\DELL\Downloads\simulator-windows-64\data\IMG\left_2025_11_21_21_10_50_556.jpg, C:\Users\DELL\Downloads\simulator-windows-64\data\IMG\right_2025_11_21_21_10_50_556.jpg, 0, 0, 0, 19.77207
C:\Users\DELL\Downloads\simulator-windows-64\data\IMG\center_2025_11_21_21_10_50_666.jpg, C:\Users\DELL\Downloads\simulator-windows-64\data\IMG\left_2025_11_21_21_10_50_666.jpg, C:\Users\DELL\Downloads\simulator-windows-64\data\IMG\right_2025_11_21_21_10_50_666.jpg, 0, 0, 0, 19.53149
C:\Users\DELL\Downloads\simulator-windows-64\data\IMG\center_2025_11_21_21_10_50_774.jpg, C:\Users\DELL\Downloads\simulator-windows-64\data\IMG\left_2025_11_21_21_10_50_774.jpg, C:\Users\DELL\Downloads\simulator-windows-64\data\IMG\right_2025_11_21_21_10_50_774.jpg, 0, 0, 0, 19.33324
